minutes_remain,minutes_played,Home_Score,Away_Score,margin,point_spread,1446.630245,1694.987888,0.193151429,0.806848571, 
80,0,0,0,0,13.5, , ,,,
70,10,3,0,3,13.5,,,,,
48,32,8,0,8,13.5,,,,,
37,43,13,0,13,13.5,,,,,
36,44,15,0,15,13.5,,,,,
28,52,15,5,10,13.5,,,,,
27,53,15,7,8,13.5,,,,,
7,73,15,12,3,13.5,,,,,
6,74,15,14,1,13.5,,,,,
3,77,15,17,-2,13.5,,,,,