minutes_remain,minutes_played,Home_Score,Away_Score,margin,point_spread,2386.284678,2588.222687,0.238222642,0.761777358, 
80,0,0,0,0,-12, , ,,,
73,7,0,3,-3,,,,,,
67,13,3,3,0,,,,,,
54,26,3,6,-3,,,,,,
45,35,3,9,-6,,,,,,
42,38,3,14,-11,,,,,,
40,40,3,16,-13,,,,,,
39,41,3,21,-18,,,,,,
28,52,8,21,-13,,,,,,
27,53,10,21,-11,,,,,,
17,63,15,21,-6,,,,,,
16,64,17,21,-4,,,,,,
11,69,17,24,-7,,,,,,
6,74,17,27,-10,,,,,,
2,78,17,32,-15,,,,,,
1,79,17,34,-17,,,,,,